PK,NOMBRE,DESCRIPCION-ENTIDAD,DIAS APERTURA,HORARIO APERTURA,DIAS DE CIERRE,COMENTARIOS,ESPACIOS,SERVICIOS,renfeLine,busLine,metroLine,DESCRIPCION,ACCESIBILIDAD,CONTENT-URL,NOMBRE-VIA,CLASE-VIAL,TIPO-NUM,NUM,LOCALIDAD,PROVINCIA,CODIGO-POSTAL,COD-BARRIO,BARRIO,COD-DISTRITO,DISTRITO,COORDENADA-X,COORDENADA-Y,LATITUD,LONGITUD,TELEFONO,FAX,EMAIL
7902770,Bibliometro,"El Bibliometro es un servicio de extensión bibliotecaria destinado al fomento de la lectura mediante el préstamo gratuito de libros en el Metro de Madrid. Promovido conjuntamente por el Ayuntamiento de Madrid y la Comunidad de Madrid en colaboración con Metro, el Bibliometro es el primer servicio común a los dos sistemas de Bibliotecas Públicas del Ayuntamiento de Madrid y la Comunidad de Madrid. El servicio gestionado por el Ayuntamiento de Madrid se centraliza en el Departamento de Bibliotecas Públicas, localizado en la calle Conde Duque 11. El servicio de Bibliored es similar, pero en superficie.",Apertura de lunes a viernes.,Horario: de 13:30 a 20 horas.,Festivos y los días 24 y 31 de diciembre.,,Datos de localización de los distintos módulos de Bibliometro. ,Préstamo y renovación de libros. Acceda al catálogo de Bibliometro para búsqueda de libros y renovar sus préstamos.,,,,,0,http://www.madrid.es/sites/v/index.jsp?vgnextchannel=bfa48ab43d6bb410VgnVCM100000171f5a0aRCRD&vgnextoid=3d2cd4bdf66bb410VgnVCM1000000b205a0aRCRD,CONDE DUQUE,CALLE,V,11,MADRID,MADRID,28015,5,UNIVERSIDAD,1,CENTRO,439759,4475508,40.42803383242307,-3.710173215834519,91 588 57 24,,dbibliotecaspublicas@madrid.es
8053214,Bibliored Centro Cultural Galileo,"El Bibliored es un servicio de extensión bibliotecaria destinado al fomento de la lectura mediante el préstamo gratuito de libros, un proyecto similar al de Bibliometro pero en la superficie. Existen dos módulos: el de el Centro Cultural Galileo y la Sala León Felipe. El servicio, gestionado por el Ayuntamiento de Madrid, se coordina desde el Departamento de Bibliotecas Públicas, localizado en la calle Conde Duque, 9-11.",Apertura de lunes a viernes.,Horario: de 13:30 a 20 horas.,Festivos y los días 24 y 31 de diciembre.,,,Préstamo y renovación de libros. Acceda al catálogo para la búsqueda de libros y renovar sus préstamos.,,,,,1,http://www.madrid.es/sites/v/index.jsp?vgnextchannel=bfa48ab43d6bb410VgnVCM100000171f5a0aRCRD&vgnextoid=917c40221457d410VgnVCM2000000c205a0aRCRD,GALILEO,CALLE,V,39,MADRID,MADRID,28015,2,ARAPILES,7,CHAMBERI,439741,4476139,40.433719454283505,-3.7104468992841753,91 591 39 01,,dbibliotecaspublicas@madrid.es
11737758,Bibliored Sala León Felipe,"El Bibliored es un servicio de extensión bibliotecaria destinado al fomento de la lectura mediante el préstamo gratuito de libros, un proyecto similar al de Bibliometro pero en la superficie. Existen dos módulos: el de el Centro Cultural Galileo y la Sala León Felipe. El servicio, gestionado por el Ayuntamiento de Madrid, se coordina desde el Departamento de Bibliotecas Públicas, localizado en la calle Conde Duque, 9-11.",Apertura de lunes a viernes.,Horario: de 13:30 a 20 horas.,Festivos y los días 24 y 31 de diciembre.,,,Préstamo y renovación de libros. Acceda al catálogo para la búsqueda de libros y renovar sus préstamos.,,,,,1,http://www.madrid.es/sites/v/index.jsp?vgnextchannel=bfa48ab43d6bb410VgnVCM100000171f5a0aRCRD&vgnextoid=dc65a358a3a32810VgnVCM1000001d4a900aRCRD,LEONOR GONGORA,CALLE,V,19,MADRID,MADRID,28021,4,LOS ROSALES,17,VILLAVERDE,441642,4466915,40.35075302554859,-3.6871905881900373,91 588 41 81,,dbibliotecaspublicas@madrid.es
25526,Biblioteca Pública Antonio Mingote (Latina),,Apertura de lunes a sábado.,De lunes a viernes de 9 a 21 horas.  Sábados de 9 a 14 horas.,"Sábados: 16 de abril; todos los sábados de julio, agosto y septiembre; 24 y 31 de diciembre. DOMINGOS: todos; FESTIVOS:1 y 6 de enero; 14 y 15 de abril; 2 y 16 mayo; 25 julio; 15 agosto; 12 octubre; 1 y 9 de noviembre; 6, 8 y 26 de diciembre",,,Wifi gratuito,Renfe: Fanjul ,"Bus: 138, 17.   ",,"Lectura fácil, letra grande, audiodescripción.",1,http://www.madrid.es/sites/v/index.jsp?vgnextchannel=bfa48ab43d6bb410VgnVCM100000171f5a0aRCRD&vgnextoid=c73e995a8bf5d010VgnVCM2000000c205a0aRCRD,RAFAEL FINAT,CALLE,V,51,MADRID,MADRID,28044,7,LAS AGUILAS,10,LATINA,434685,4470157,40.37944226151668,-3.769445829090458,915 093 625,917 068 193,bib.latina@madrid.org
1774,Biblioteca Pública Elena Fortún (Retiro),,Apertura de lunes a sábado.,De lunes a viernes de 9 a 21 horas.  Sábados de 9 a 14 horas.,"Sábados: 16 de abril; todos los sábados de julio, agosto y septiembre; 24 y 31 de diciembre. DOMINGOS: todos; FESTIVOS:1 y 6 de enero; 14 y 15 de abril; 2 y 16 mayo; 25 julio; 15 agosto; 12 octubre; 1 y 9 de noviembre; 6, 8 y 26 de diciembre",Los servicios de préstamo y acceso a internet finalizan 15 minutos antes del cierre de la Biblioteca.,,Wifi gratuito,,"Bus: 156, 56, 10.  ","Metro: Pacífico (líneas 1 y 6), Conde de Casal (línea 6)","Lectura fácil, letra grande, audiodescripción.",1,http://www.madrid.es/sites/v/index.jsp?vgnextchannel=bfa48ab43d6bb410VgnVCM100000171f5a0aRCRD&vgnextoid=44213d0b5e71c010VgnVCM1000000b205a0aRCRD,DOCTOR ESQUERDO,CALLE,V,189,MADRID,MADRID,28007,2,ADELFAS,3,RETIRO,442942,4472769,40.40356992125351,-3.672414651864732,915 019 146,915 018 130,bib.retiro@madrid.org
1770,Biblioteca Pública Hortaleza,,Apertura de lunes a viernes.,De lunes a jueves: de 9 a 20:30 horas.  Viernes: de 9 a 14:30 horas.,Fines de semana y festivos; del 3 al 7 de enero; 25 y 28 de febrero; del 8 al 18 de abril; 2 de mayo; los meses de julio y agosto; del 22 al 30 de diciembre.,,,,,"Bus: 107, 9.",Metro: Parque de Santa María (línea 4),,3,http://www.madrid.es/sites/v/index.jsp?vgnextchannel=bfa48ab43d6bb410VgnVCM100000171f5a0aRCRD&vgnextoid=e42e995a8bf5d010VgnVCM2000000c205a0aRCRD,ABERTURA,CALLE,V,2,MADRID,MADRID,28033,4,PINAR DEL REY,16,HORTALEZA,445046,4481138,40.47723185032398,-3.6496247031818596,917 633 284,917 633 284,bib.hortaleza@madrid.org
1771,Biblioteca Pública José Acuña (Moncloa - Aravaca),,Apertura de lunes a sábado.,De lunes a viernes de 9 a 21 horas.  Sala Infantil y juvenil de 15 a 21 horas.  Sábados de 9 a 14 horas.,"Sábados: 16 de abril; todos los sábados de julio, agosto y septiembre; 24 y 31 de diciembre. DOMINGOS: todos; FESTIVOS:1 y 6 de enero; 14 y 15 de abril; 2 y 16 mayo; 25 julio; 15 agosto; 12 octubre; 1 y 9 de noviembre; 6, 8 y 26 de diciembre",Los servicios de préstamo y acceso a internet finalizan 15 minutos antes del cierre de la Biblioteca.,,Wifi gratuito,,"Bus: 62, 74.  ","Metro: Arg&amp;uuml;elles (líneas 3, 4 y 6), Ventura Rodriguez (línea 3)",,3,http://www.madrid.es/sites/v/index.jsp?vgnextchannel=bfa48ab43d6bb410VgnVCM100000171f5a0aRCRD&vgnextoid=e9ad995a8bf5d010VgnVCM2000000c205a0aRCRD,QUINTANA,CALLE,V,9,MADRID,MADRID,28008,2,ARGUELLES,9,MONCLOA-ARAVACA,439184,4475503,40.427942010682415,-3.7169600607379985,915 413 619,915 426 939,bib.acuna@madrid.org
123303,Biblioteca Pública José Hierro (Usera),,Apertura de lunes a domingo.,De lunes a viernes de 9 a 21 horas. Fines de semana y festivos de 11 a 19 horas.,"1 y 6 de enero; 1 de mayo; fines de semana y festivos del mes de agosto; 24, 25 y 31 de diciembre",,,Wifi gratuito,,"Bus: 6, 60, 81.",Metro: Plaza Elíptica (líneas 6 y 11),,1,http://www.madrid.es/sites/v/index.jsp?vgnextchannel=bfa48ab43d6bb410VgnVCM100000171f5a0aRCRD&vgnextoid=943979262ef5d010VgnVCM1000000b205a0aRCRD,RAFAELA YBARRA,AVENIDA,V,43,MADRID,MADRID,28026,7,PRADOLONGO,12,USERA,439681,4470386,40.38188182427109,-3.7106164073640233,914 229 501,914 691 901,bib.usera@madrid.org
1764,Biblioteca Pública José Luis Sampedro (Chamberí),,Apertura de lunes a sábado.,De lunes a viernes de 9 a 21 horas.  Sábados de 9 a 14 horas.,"Sábados: 16 de abril; todos los sábados de julio, agosto y septiembre; 24 y 31 de diciembre. DOMINGOS: todos; FESTIVOS:1 y 6 de enero; 14 y 15 de abril; 2 y 16 mayo; 25 julio; 15 agosto; 12 octubre; 1 y 9 de noviembre; 6, 8 y 26 de diciembre",,,Wifi gratuito,,"Bus: 16, 61, 3, 37, 5.  ","Metro: Iglesia (línea 1), Alonso Cano (línea 7)","Lectura fácil, letra grande, audiodescripción.",1,http://www.madrid.es/sites/v/index.jsp?vgnextchannel=bfa48ab43d6bb410VgnVCM100000171f5a0aRCRD&vgnextoid=5a2279262ef5d010VgnVCM1000000b205a0aRCRD,FELIPE EL HERMOSO,CALLE,V,4,MADRID,MADRID,28010,3,TRAFALGAR,7,CHAMBERI,440662,4476318,40.43539063992494,-3.6996132452669075,914 459 782,914 472 444,bib.chamberi@madrid.org
181101,Biblioteca Pública Luis Martín Santos (Villa de Vallecas),,Apertura de lunes a domingo.,De lunes a viernes de 9 a 21 horas. Fines de semana y festivos de 11 a 19 horas.,"1 y 6 de enero; 1 de mayo; fines de semana y festivos del mes de agosto; 24, 25 y 31 de diciembre",Todos los días los servicios de préstamo y acceso a internet finalizarán 15 minutos antes del cierre.,,Wifi gratuito,,Bus: 58.,Metro: Villa de Vallecas (línea 1),"Lectura fácil, letra grande, audiodescripción.",1,http://www.madrid.es/sites/v/index.jsp?vgnextchannel=bfa48ab43d6bb410VgnVCM100000171f5a0aRCRD&vgnextoid=09ac38d60b41c010VgnVCM2000000c205a0aRCRD,ANTONIO MARIA SEGOVIA,PLAZA,V,2,MADRID,MADRID,28031,2,SANTA EUGENIA,18,VILLA DE VALLECAS,447909,4470217,40.38091437280583,-3.613674447421734,912 760 231,,bib.villavallecas@madrid.org
5765642,Biblioteca Pública Luis Rosales (Carabanchel),,Apertura de lunes a domingo.,De lunes a viernes de 9 a 21 horas. Fines de semana y festivos de 11 a 19 horas.,"1 y 6 de enero; 1 de mayo; fines de semana y festivos del mes de agosto; 24, 25 y 31 de diciembre",Todos los días los servicios de préstamo y acceso a internet finalizarán 15 minutos antes del cierre.,,Wifi gratuito,,"Bus: 121, 131, 47, 108, 118.",Metro: Carabanchel Alto (línea 11),"Lectura fácil, audiodescripción, letra grande, braille.","1,6",http://www.madrid.es/sites/v/index.jsp?vgnextchannel=bfa48ab43d6bb410VgnVCM100000171f5a0aRCRD&vgnextoid=7a73f884ad3f9210VgnVCM1000000b205a0aRCRD,ANTONIA RODRIGUEZ SACRISTAN,CALLE,V,7,MADRID,MADRID,28044,5,PUERTA BONITA,11,CARABANCHEL,436493,4469473,40.373420234648606,-3.7480802097487653,912 760 233,914 613 331,bib.carabanchel@madrid.org
86719,Biblioteca Pública María Moliner (Villaverde),,Apertura de lunes a sábado.,De lunes a viernes de 9 a 21 horas.  Sábados de 9 a 14 horas.,"Días de cierre (2021): Sábados: 16 de abril; todos los sábados de julio, agosto y septiembre; 24 y 31 de diciembre. DOMINGOS: todos; FESTIVOS:1 y 6 de enero; 14 y 15 de abril; 2 y 16 mayo; 25 julio; 15 agosto; 12 octubre; 1 y 9 de noviembre; 6, 8 y 26 de diciembre.  Todos los días los servicios de préstamo y acceso a internet finalizarán 15 minutos antes del cierre.",,,Wifi gratuito,Renfe: Puente Alcocer ,Bus: 76.  ,,"Lectura fácil, audiodescripción, letra grande.",1,http://www.madrid.es/sites/v/index.jsp?vgnextchannel=bfa48ab43d6bb410VgnVCM100000171f5a0aRCRD&vgnextoid=127979262ef5d010VgnVCM1000000b205a0aRCRD,VILLALONSO,CALLE,V,16,MADRID,MADRID,28021,,SAN ANDRES,,VILLAVERDE,439694,4466794,40.34952409541233,-3.710123586489839,917 230 194,917 979 458,bib.villaverde@madrid.org
1800,Biblioteca Pública Miguel Hernández (Puente de Vallecas),,Apertura de lunes a sábado.,De lunes a viernes de 9 a 21 horas.  Sábados de 9 a 14 horas.,"Sábados: 16 de abril; todos los sábados de julio, agosto y septiembre; 24 y 31 de diciembre. DOMINGOS: todos; FESTIVOS:1 y 6 de enero; 14 y 15 de abril; 2 y 16 mayo; 25 julio; 15 agosto; 12 octubre; 1 y 9 de noviembre; 6, 8 y 26 de diciembre",Todos los días los servicios de préstamo y acceso a internet finalizarán 15 minutos antes del cierre.,,Wifi gratuito,,"Bus: 144, 10.",Metro: Miguel Hernández (línea 1),"Lectura fácil, letra grande, audiodescripción.",1,http://www.madrid.es/sites/v/index.jsp?vgnextchannel=bfa48ab43d6bb410VgnVCM100000171f5a0aRCRD&vgnextoid=535979262ef5d010VgnVCM1000000b205a0aRCRD,RAFAEL ALBERTI,AVENIDA,V,36,MADRID,MADRID,28018,4,PALOMERAS SURESTE,13,PUENTE DE VALLECAS,445429,4470632,40.38449423079662,-3.6429247082087737,913 033 195,913 804 153,bib.vallecas@madrid.org
1773,Biblioteca Pública Moratalaz,,Apertura de lunes a sábado.,De lunes a viernes de 9 a 21 horas.  Sábados de 9 a 14 horas.,"Sábados: 16 de abril; todos los sábados de julio, agosto y septiembre; 24 y 31 de diciembre. DOMINGOS: todos; FESTIVOS:1 y 6 de enero; 14 y 15 de abril; 2 y 16 mayo; 25 julio; 15 agosto; 12 octubre; 1 y 9 de noviembre; 6, 8 y 26 de diciembre",,,Wifi gratuito,,"Bus: 100, 20, 30, 8.",Metro: Artilleros (línea 9),"Lectura fácil, letra grande, audiodescripción.",1,http://www.madrid.es/sites/v/index.jsp?vgnextchannel=bfa48ab43d6bb410VgnVCM100000171f5a0aRCRD&vgnextoid=457e995a8bf5d010VgnVCM2000000c205a0aRCRD,CORREGIDOR ALONSO DE TOBAR,CALLE,V,5,MADRID,MADRID,28030,5,FONTARRON,14,MORATALAZ,444891,4472806,40.404043531769375,-3.649450874958104,914 394 688,914 370 234,bib.moratalaz@madrid.org
1757,Biblioteca Pública Municipal Aluche (Latina),"La Biblioteca Pública de Aluche se inauguró en junio de 1992 con la asistencia del entonces alcalde Don José María Alvarez del Manzano. Se sitúa en la primera planta del Centro Cultural Fernando de los Ríos, diseñado por el arquitecto José María Guijarro. Desde 1986 y hasta la fecha de su inauguración oficial, se encontraba situada en este mismo centro cultural y planta pero en el ala derecha del edificio y con la mitad de superficie. La ubicación de la biblioteca en el centro cultural en la década de los 80  se decidió porque éste era considerado un elemento aglutinador de la vida asociativa y cultural de los distritos.",Apertura de lunes a viernes.,Horario: de 8:30 a 21 horas.  Verano (del 15 de junio al 15 de septiembre): de 8:30 a 20 horas.,Festivos y los días 24 y 31 de diciembre.,,Espacios:   Sala de consulta y lectura Zona de publicaciones periódicas. Sala infantil y juvenil.   ,"Préstamo de libros, multimedia y revistas. Préstamo de dispositivos de ayuda a la lectura (lupas para libros). Servicio de acceso público a Internet. Zona wifi. Información bibliográfica. Animación a la lectura y formación de usuarios.","RENFE: Laguna, Aluche  ","Bus: 25, 31, 138","Metro: Laguna, Casa de Campo, Aluche RENFE: Laguna, Aluche  Bus: 25, 31, 13","Superficie: 712 metros cuadrados  Puestos de lectura: 130  Puestos de Internet: 18 (con lector de pantalla NVDA, que permite a las personas ciegas y con discapacidad visual usar ordenadores)  Página en Facebook","1,6",http://www.madrid.es/sites/v/index.jsp?vgnextchannel=bfa48ab43d6bb410VgnVCM100000171f5a0aRCRD&vgnextoid=7f0e3d0b5e71c010VgnVCM1000000b205a0aRCRD,CAMARENA,CALLE,V,10,MADRID,MADRID,28047,4,ALUCHE,10,LATINA,435820,4471982,40.39597072367931,-3.7562716852987847,91 719 89 96,,bpaluche@madrid.es
1755,Biblioteca Pública Municipal Ana María Matute (Carabanchel),"La Biblioteca Pública Municipal Ana María Matute sustituyó a la antigua Biblioteca Pública Municipal de Carabanchel. La Biblioteca de Carabanchel, sita en la calle de los Hermanos del Moral 15, fue inaugurada el 12 de diciembre de 1981 por el entonces alcalde, Enrique Tierno Galván, contaba con unos 250 m&amp;sup2;. Despues de 32 años de servicio, se traslada a su actual emplazamiento bajo el nombre actual. El proyecto arquitectónico fue encargado al estudio RSP. A la inauguración, el 28 de enero de 2013, asistieron la escritora Ana María Matute y la alcaldesa Ana María Botella.",Apertura de lunes a viernes.,Horario: de 8:30 a 21 horas.  Verano (del 15 de junio al 15 de septiembre): de 8:30 a 20 horas.,Festivos y los días 24 y 31 de diciembre.,,Espacios:   Sala de consulta y lectura. Sala polivalente. Zona de publicaciones periódicas. Sala infantil y juvenil.   ,"Equipos de autopréstamo. Préstamo de libros, multimedia y revistas. Préstamo de dispositivos de ayuda a la lectura (lupas para libros). Servicio de acceso público a Internet. Zona wifi. Información bibliográfica. Animación a la lectura y formación de usuarios.",,"Bus: 34, 35, 50, 118 y 119.","Metro: Marqués de Vadillo Bus: 34, 35, 50, 118 y 119","Superficie: 3.369 metros cuadrados  Puestos de lectura: 230  Puestos de Internet: 40 (con lector de pantalla NVDA, que permite a las personas ciegas y con discapacidad visual usar ordenadores)  Sala polivalente: 74  Salas de trabajo en grupo: 2 (12 personas en total)  Página en Facebook","1,6",http://www.madrid.es/sites/v/index.jsp?vgnextchannel=bfa48ab43d6bb410VgnVCM100000171f5a0aRCRD&vgnextoid=628e3d0b5e71c010VgnVCM1000000b205a0aRCRD,ISAAC ALBENIZ,CALLE,V,1,MADRID,MADRID,28019,3,SAN ISIDRO,11,CARABANCHEL,438891,4472167,40.39786734087938,-3.720088245008897,91 588 08 30,,bpanammatute@madrid.es
1882,Biblioteca Pública Municipal Benito Pérez Galdós (Centro),"La Biblioteca Pública Conde Duque se inaugura en los años 90, cuando se traslada a este edificio la Biblioteca Municipal situada en el actual emplazamiento del Museo de Historia de Madrid, en la calle Fuencarral, separándose la Biblioteca Pública de la Biblioteca Histórica, que habían estado juntas hasta entonces. El Cuartel de Conde Duque se reformó en 2011, obra llevada a cabo por el arquitecto Carlos de Riaño, inaugurándose de nuevo la biblioteca al año siguiente, en un primer momento fusionada con la Biblioteca Musical Víctor Espinós, de la que posteriormente se separaría. Con la reforma ganó en amplitud y homogeneidad con el resto de la red, ya que anteriormente no contaba con sala infantil ni multimedia. En 2019 recibe el nombre de Benito Pérez Galdós conmemorando el centenario del fallecimiento del escritor.",Apertura de lunes a viernes.,"Horario: de 8:30 a 21 horas. Sala de lectura, sábados y domingos, de 9:30 a 20:30 horas.  Verano (del 15 de junio al 15 de septiembre): de 8:30 a 20 horas.",Festivos y los días 24 y 31 de diciembre.,,Espacios:   Sala de consulta y lectura Zona de publicaciones periódicas. Sala infantil y juvenil.   ,"Préstamo de libros, multimedia y revistas. Préstamo de dispositivos de ayuda a la lectura (lupas para libros). Servicio de acceso público a Internet. Zona wifi. Información bibliográfica. Animación a la lectura y formación de usuarios.",,"Bus: 1, 2, 7, 21, 44, 74, 147, Circular, Minibús M-2 ","Metro: Ventura Rodríguez, Plaza de España, San Bernardo y Noviciado","Superficie: 5.870 metros cuadrados  Puestos de lectura: 118  Puestos de Internet: 26 (con lector de pantalla NVDA, que permite a las personas ciegas y con discapacidad visual usar ordenadores)   Página en Facebook","1,6",http://www.madrid.es/sites/v/index.jsp?vgnextchannel=bfa48ab43d6bb410VgnVCM100000171f5a0aRCRD&vgnextoid=13ec3d0b5e71c010VgnVCM1000000b205a0aRCRD,CONDE DUQUE,CALLE,V,9,MADRID,MADRID,28015,5,UNIVERSIDAD,1,CENTRO,439723,4475438,40.42738668300474,-3.7105999955473625,91 588 59 10,,bpperezgaldos@madrid.es
1745,Biblioteca Pública Municipal Canillejas (San Blas-Canillejas),"La Biblioteca Pública Municipal de Canillejas se inauguró el 4 de agosto de 1981 en la tercera planta del edificio que entonces ocupaba la Junta Municipal del Distrito de San Blas, en la calle Torre Arias. Ocho años después se trasladó al edificio que ocupa hoy, en la calle Boltaña, justo enfrente de su ubicación anterior y en pleno núcleo comercial del barrio de Canillejas. Su reapertura al público, en las nuevas instalaciones, se produjo el 15 de marzo de 1989, compartiendo edificio con el Centro Cultural Buero Vallejo.",Apertura de lunes a viernes.,Horario: de 8:30 a 21 horas.  Verano (del 15 de junio al 15 de septiembre): de 8:30 a 20 horas.,Festivos y los días 24 y 31 de diciembre.,,Espacios:   Sala de consulta y lectura. Sala polivalente. Zona de publicaciones periódicas. Sala infantil y juvenil.   ,"Préstamo de libros, multimedia y revistas. Préstamo de dispositivos de ayuda a la lectura (lupas para libros). Servicio de acceso público a Internet. Zona wifi. Información bibliográfica. Animación a la lectura y formación de usuarios.",,"Bus: 77, 105, 140","Metro: Canillejas, Torre Arias (Línea 5)","Superficie: 466 metros cuadrados  Puestos de lectura: 98  Puestos de Internet: 6 (con lector de pantalla NVDA, que permite a las personas ciegas y con discapacidad visual usar ordenadores)   Página en Facebook","0,6",http://www.madrid.es/sites/v/index.jsp?vgnextchannel=bfa48ab43d6bb410VgnVCM100000171f5a0aRCRD&vgnextoid=eb9e995a8bf5d010VgnVCM2000000c205a0aRCRD,BOLTAÑA,CALLE,NUM,23,MADRID,MADRID,28022,7,CANILLEJAS,20,SAN BLAS-CANILLEJAS,448119,4477485,40.44640229188281,-3.6117933204271098,91 741 11 34,,bpcanillejas@madrid.es
1794,Biblioteca Pública Municipal Ciudad Lineal (Ciudad Lineal),"La Biblioteca de Ciudad Lineal se inauguró en febrero de 1993 asistiendo al acto el Alcalde, José M&amp;ordf; Alvarez del Manzano, y la entonces Concejal de Cultura, Esperanza Aguirre. Se encuentra dentro del Centro Cultural Príncipe de Asturias, en la primera planta. Su construcción se realizó para dar servicio a la zona y sustituir a la anterior biblioteca que había en los locales de un edificio de viviendas. Desde entonces ha sido ampliada tan solo una vez, en 50 m&amp;sup2;, en el año 2004, afectando esta obra a su distribución interna.",Apertura de lunes a viernes.,Horario: de 8:30 a 21 horas.  Verano (del 15 de junio al 15 de septiembre): de 8:30 a 20 horas.,Festivos y los días 24 y 31 de diciembre.,,Espacios:   Sala de consulta y lectura Zona de publicaciones periódicas. Sala infantil y juvenil.   ,"Préstamo de libros, multimedia y revistas. Préstamo de dispositivos de ayuda a la lectura (lupas para libros). Servicio de acceso público a Internet. Zona wifi. Información bibliográfica. Animación a la lectura y formación de usuarios.",,"Bus: 4, 38, 48, 70, 77, 105, 109","Metro: Ciudad Lineal  Bus: 4, 38, 48, 70, 77, 105, 10","Superficie: 483 metros cuadrados  Puestos de lectura: 114  Puestos de Internet: 10 (con lector de pantalla NVDA, que permite a las personas ciegas y con discapacidad visual usar ordenadores)","1,6",http://www.madrid.es/sites/v/index.jsp?vgnextchannel=bfa48ab43d6bb410VgnVCM100000171f5a0aRCRD&vgnextoid=82ce995a8bf5d010VgnVCM2000000c205a0aRCRD,HERMANOS GARCIA NOBLEJAS,CALLE,V,14,MADRID,MADRID,28037,2,PUEBLO NUEVO,15,CIUDAD LINEAL,445948,4476395,40.43644651057092,-3.6372924261150033,915 887 566,,bpciudadlineal@madrid.es
1762,Biblioteca Pública Municipal David Gistau (Salamanca),"La Biblioteca Pública Municipal David Gistau se encuentra dentro del Centro Cultural de Buenavista. El edificio que la alberga fue construido durante la II República por el Ayuntamiento de Madrid para Casa de Baños, según proyecto de José Lorite y reformado por el arquitecto municipal Salvador Pérez Arroyo en 1982. El cambio de función e inauguración como Centro Cívico tuvo lugar el 30 de abril de 1983 y la Biblioteca abrió sus puertas el 12 marzo de 1984. La Biblioteca, ocupa uno de los pabellones que alojaron las piletas de las piscinas y sus vestuarios, en concreto, la zona del vaso destinada al baño de los hombres. En la actualidad esta estructura se observa en la sala de lectura y consulta donde los usuarios adultos se sumergen en sus fondos bibliográficos. El 19 de octubre de 2020 la Biblioteca de Buenavista cambió su nombre por el del periodista y escritor David Gistau.",Apertura de lunes a viernes.,Horario: de 8:30 a 21 horas.  Verano (del 15 de junio al 15 de septiembre): de 8:30 a 20 horas.,Festivos y los días 24 y 31 de diciembre.,,Espacios:   Zona de publicaciones periódicas. Sala infantil y juvenil.    ,"Préstamo de libros, multimedia y revistas. Préstamo de dispositivos de ayuda a la lectura (lupas para libros). Servicio de acceso público a Internet. Zona wifi. Información bibliográfica. Animación a la lectura y formación de usuarios.",,"Bus: 1, 12, 43, 48, 56, 74, Circular ","Metro: Diego de León, Manuel Becerra Bus: 1, 12, 43, 48, 56, 74, Circular BICIMAD: Estación 193 (Avenida de los toreros 49","Superficie: 371 metros cuadrados  Puestos de lectura: 76  Puestos de Internet: 15 (con lector de pantalla NVDA, que permite a las personas ciegas y con discapacidad visual usar ordenadores)  Página en Facebook",1,http://www.madrid.es/sites/v/index.jsp?vgnextchannel=bfa48ab43d6bb410VgnVCM100000171f5a0aRCRD&vgnextoid=c53e3d0b5e71c010VgnVCM1000000b205a0aRCRD,TOREROS,AVENIDA,V,5,MADRID,MADRID,28028,4,GUINDALERA,4,SALAMANCA,443092,4475923,40.43199309720514,-3.670929243543714,91 724 08 04,,bpdavidgistau@madrid.es
51188,Biblioteca Pública Municipal Dámaso Alonso (Chamartín),"La biblioteca se abrió al público en mayo de 1999 denominándose Biblioteca Mateo Inurria, por estar situada en dicha calle. En 2008, por acuerdo plenario, pasó a llamarse Biblioteca Dámaso Alonso. Y es que este poeta vivió en el número 25 de la calle Alberto Alcocer, en una casita con huerta y jardín situada en su momento a las afueras de Madrid, en Chamartín de la Rosa. En cuanto a los orígenes de la biblioteca, en 1997 la sede del diario Ya se convierte en sede del Barclays Bank. A cambio, la entidad cede una parcela al Ayuntamiento para la construcción de una biblioteca, que entregó ya equipada. En 2008 se amplió el vestíbulo, se instaló un ascensor y se cerró una de las dos escaleras. En su lugar se colocó un lucernario para iluminar la sala de lectura.",Apertura de lunes a viernes.,Horario: de 8:30 a 21 horas.  Verano (del 15 de junio al 15 de septiembre): de 8:30 a 20 horas.,Festivos y los días 24 y 31 de diciembre.,,Espacios:   Sala de consulta y lectura Zona de publicaciones periódicas. Sala infantil y juvenil.   ,"Préstamo de libros, multimedia y revistas. Préstamo de dispositivos de ayuda a la lectura (lupas para libros). Servicio de acceso público a Internet. Zona wifi. Información bibliográfica. Animación a la lectura y formación de usuarios.",,"Bus: 70, 107, 129, 174","Metro: Plaza de Castilla , Duque de Pastrana  Bus: 70, 107, 129, 17","Superficie: 808 metros cuadrados  Puestos de lectura: 129  Puestos de Internet: 8 (con lector de pantalla NVDA, que permite a las personas ciegas y con discapacidad visual usar ordenadores)   Página en Facebook","1,6",http://www.madrid.es/sites/v/index.jsp?vgnextchannel=bfa48ab43d6bb410VgnVCM100000171f5a0aRCRD&vgnextoid=5870007f8441f010VgnVCM1000000b205a0aRCRD,MANUEL FERRERO,CALLE,V,1,MADRID,MADRID,28036,6,CASTILLA,5,CHAMARTIN,441962,4479867,40.467453379213175,-3.6846112774442705,91 350 31 50,,bpdamasoalonso@madrid.es
6893633,Biblioteca Pública Municipal Eugenio Trías. Casa de Fieras de El Retiro (Retiro),"La Biblioteca Pública Eugenio Trías-Casa de Fieras de El Retiro fue inaugurada el 29 de abril de 2013. El edificio que alberga la biblioteca fue originariamente parte de las instalaciones que la Casa de Fieras tenía en el Parque de El Retiro, construido en tiempos de Fernando VII. El proyecto para esta nueva biblioteca, promovido  por la entonces Dirección General de Patrimonio Histórico, fue redactado por los arquitectos Jaime Nadal y Sebastián Araujo e incluye la rehabilitación de los dos grandes pabellones de la antigua Casa de Fieras, uno longitudinal de gran dimensión y otro transversal de menor tamaño así como la construcción de un pabellón de nueva planta imprescindible para cumplir con el  programa bibliotecario.  La apertura de la biblioteca se verá afectada por las posibles incidencias que se produzcan en el acceso a los Jardines de El Buen Retiro debidas a la aplicación del Protocolo de actuación en los jardines del Buen Retiro ante situaciones meteorológicas adversas. Esta información se proporcionará a través de pantallas, carteles y megafonía y la población general mediante la web municipal www.madrid.es, medios de comunicación y redes sociales.",Apertura de lunes a domingo.,Horario: de lunes a viernes de 8:30 a 21 horas; sábados de 9:10 a 17:50 horas y domingos de 9:10 a 13:50 horas.   Verano (del 15 de junio al 15 de septiembre): de lunes a viernes de 8:30 a 20 horas; sábados de 9:10 a 16:50 horas y domingos de 9:10 a 12:50 horas.,"Festivos, Semana Santa (de jueves a domingo), los dos últimos fines de semana de julio y los fines de semana de agosto, el 24 y 31 de diciembre.",,"Espacios:   Sala de consulta y lectura. Sala polivalente, sala especializada en medio ambiente y salas de trabajo en grupo. Zona de publicaciones periódicas. Sala infantil y juvenil.    ","Equipos de autopréstamo. Préstamo de libros, multimedia y revistas. Servicio de acceso público a Internet. Zona wifi. Información bibliográfica. Animación a la lectura y formación de usuarios.",,"Bus: 20, 26, 63, 152 y Circular ","Metro: Ibiza Bus: 20, 26, 63, 152 y Circular BICIMAD: Estación 69 (Avenida Alfonso XII n&amp;ordm; 54","Superficie: 3.794 metros cuadrados  Puestos de lectura: 185  Puestos de Internet: 39 (con lector de pantalla NVDA, que permite a las personas ciegas y con discapacidad visual usar ordenadores)  Sala polivalente: 90  Salas de trabajo en grupo: 3 (6-8 personas en cada una)   Página en Facebook","1,6",http://www.madrid.es/sites/v/index.jsp?vgnextchannel=bfa48ab43d6bb410VgnVCM100000171f5a0aRCRD&vgnextoid=e791bed05ceed310VgnVCM1000000b205a0aRCRD,FERNÁN NÚÑEZ,PASEO,V,24,MADRID,MADRID,28009,5,LOS JERONIMOS,3,RETIRO,442345,4474221,40.4166091081099,-3.6795930368034804,91 480 48 38,,bpeugeniotrias@madrid.es
167128,Biblioteca Pública Municipal Francisco Ayala (Vicálvaro),"La Biblioteca Francisco Ayala está ubicada en el barrio de Valdebernardo, en el distrito de Vicálvaro. Se inauguró en el año 2005. El edificio de dos plantas está situado en el eje que vertebra el barrio, en la planta inferior se situan los servicios de acceso a Internet y préstamo de adultos. En la planta superior se encuentra la sala infantil, la sala de lectura y la sala de actividades.",Apertura de lunes a viernes.,Horario: de 8:30 a 21 horas.  Verano (del 15 de junio al 15 de septiembre): de 8:30 a 20 horas.,Festivos y los días 24 y 31 de diciembre.,,Espacios:   Sala de consulta y lectura. Sala polivalente. Zona de publicaciones periódicas. Sala infantil y juvenil.   ,"Equipos de autopréstamo. Préstamo de libros, multimedia y revistas. Préstamo de dispositivos de ayuda a la lectura (lupas para libros). Servicio de acceso público a Internet. Zona wifi. Información bibliográfica. Animación a la lectura y formación de usuarios.",,"Bus: 8, 71, 130","Metro: Valdebernardo  Bus: 8, 71, 13","Superficie: 1.600 metros cuadrados  Puestos de lectura: 205  Puestos de Internet: 11 (con lector de pantalla NVDA, que permite a las personas ciegas y con discapacidad visual usar ordenadores)  Sala polivalente: 55   Página en Facebook","1,6",http://www.madrid.es/sites/v/index.jsp?vgnextchannel=bfa48ab43d6bb410VgnVCM100000171f5a0aRCRD&vgnextoid=f05279262ef5d010VgnVCM1000000b205a0aRCRD,INDALECIO PRIETO,BULEVAR,V,21,MADRID,MADRID,28032,2,VALDEBERNARDO,19,VICALVARO,447278,4472321,40.39982891410407,-3.621281890570377,91 301 64 66,,bpfranciscoayala@madrid.es
1760,Biblioteca Pública Municipal Francisco Ibáñez (Chamartín),"La Biblioteca Pública Francisco Ibáñez se encuentra situada en el Centro Cultural Nicolás Salmerón (sito en la calle Mantuano, 51), en el barrio de Chamartín. Proviene de la antigua Biblioteca de Chamartín, que fue inaugurada en 1983. En el año 2015, después de una profunda remodelación, cambió su denominación por la actual de Francisco Ibáñez. La alcaldesa, Ana María Botella, inauguró las nuevas instalaciones y se proyectó un vídeo del guionista y dibujante de cómic que le da nombre en agradecimiento.",Apertura de lunes a viernes.,Horario: de 8:30 a 21 horas.  Verano (del 15 de junio al 15 de septiembre): de 8:30 a 20 horas.,Festivos y los días 24 y 31 de diciembre.,,Espacios:   Sala de consulta y lectura Zona de publicaciones periódicas. Sala infantil y juvenil.   ,"Préstamo de libros, multimedia y revistas. Préstamo de dispositivos de ayuda a la lectura (lupas para libros). Servicio de acceso público a Internet. Zona wifi. Información bibliográfica. Animación a la lectura y formación de usuarios.",,"Bus: 9, 16, 29, 52","Metro: Concha Espina, Prosperidad  Bus: 9, 16, 29, 5","Superficie: 543 metros cuadrados  Puestos de lectura: 94   Puestos de Internet: 24 (con lector de pantalla NVDA, que permite a las personas ciegas y con discapacidad visual usar ordenadores)   Página en Facebook","1,6",http://www.madrid.es/sites/v/index.jsp?vgnextchannel=bfa48ab43d6bb410VgnVCM100000171f5a0aRCRD&vgnextoid=0fce3d0b5e71c010VgnVCM1000000b205a0aRCRD,MANTUANO,CALLE,V,51,MADRID,MADRID,28002,3,CIUDAD JARDIN,5,CHAMARTIN,442766,4477922,40.44810636195716,-3.6762309620097398,91 510 37 56,,bpfranciscoibanez@madrid.es
1754,Biblioteca Pública Municipal Gabriel García Márquez (Usera),"La Biblioteca Pública Municipal Gabriel García Marquez es heredera de la antigua biblioteca de la Meseta de Orcasur, abierta al público en 1983. En esta misma ubicación se abrió la actual biblioteca en 1987, y posteriormente fue remodelada en 2014. Fue en ese momento cuando se cambió el nombre por el de Gabriel García Marquez, en honor al escritor colombiano.",Apertura de lunes a viernes.,Horario: de 8:30 a 21 horas.  Verano (del 15 de junio al 15 de septiembre): de 8:30 a 20 horas.,Festivos y los días 24 y 31 de diciembre.,,Espacios:   Sala de consulta y lectura. Sala polivalente y salas de trabajo en grupo. Zona de publicaciones periódicas. Sala infantil y juvenil.    ,"Préstamo de libros, multimedia y revistas. Servicio de acceso público a Internet. Zona wifi. Información bibliográfica. Animación a la lectura y formación de usuarios.",Renfe: Orcasitas,"Bus: 78, 116  ",Metro: San Fermín - Orcasur Renfe: Orcasita,"Superficie: 1.395 metros cuadrados  Puestos de lectura: 142   Puestos de Internet: 27 (con lector de pantalla NVDA, que permite a las personas ciegas y con discapacidad visual usar ordenadores)  Sala polivalente: 55  Salas de trabajo en grupo: 2 (6 y 10 plazas)   Página en Facebook","1,6",http://www.madrid.es/sites/v/index.jsp?vgnextchannel=bfa48ab43d6bb410VgnVCM100000171f5a0aRCRD&vgnextoid=e4bf3d0b5e71c010VgnVCM1000000b205a0aRCRD,PUEBLO,PLAZA,NUM,2,MADRID,MADRID,28041,2,ORCASUR,12,USERA,440472,4468702,40.366768324753416,-3.701141063083806,91 318 86 91,,bpgarciamarquez@madrid.es
1748,Biblioteca Pública Municipal Gerardo Diego (Villa de Vallecas),"La Biblioteca de Vallecas Villa se abrió en 1987, en el local que había sido hasta entonces la escuela infantil del pueblo de Vallecas. Al transformarse en biblioteca, tomó el nombre del maestro de la antigua escuela -Francisco Fatou-, acudiendo a la inauguración su viuda, quien contribuyó con una importante aportación económica para la ampliación de sus fondos. En 1995 se trasladó desde la calle Manuel Vélez -donde quedó el Centro Cultural Francisco Fatou- a la vecina calle Monte Aya, en la que se inauguró un nuevo edificio en enero de 1996.  Su nueva sede se construyó sobre el solar del antiguo Cine Madrid. La práctica totalidad del edificio, salvo unas pequeñas dependencias destinadas a escuela de adultos, está dedicado a biblioteca. Es allí donde recibió su actual denominación como Biblioteca Pública Municipal Gerardo Diego. La biblioteca cuenta con un fondo especializado en la Shoá, con más de 500 documentos, entre libros y multimedia, que nació en el año 2007 coincidiendo con el Día de las Víctimas del Holocausto.",Apertura de lunes a viernes.,Horario: de 8:30 a 21 horas.  Verano (del 15 de junio al 15 de septiembre): de 8:30 a 20 horas.,Festivos y los días 24 y 31 de diciembre.,,Espacios:   Sala de consulta y lectura. Sala polivalente. Zona de publicaciones periódicas. Sala infantil y juvenil.   ,"Préstamo de libros, multimedia y revistas. Préstamo de dispositivos de ayuda a la lectura (lupas para libros). Servicio de acceso público a Internet. Zona wifi. Información bibliográfica. Animación a la lectura y formación de usuarios.",,"Bus: 54, 58, 103, 130, 142","Metro: Villa de Vallecas (línea 1) Bus: 54, 58, 103, 130, 14","Superficie: 1.601 metros cuadrados  Puestos de lectura: 154   Puestos de Internet: 16 (con lector de pantalla NVDA, que permite a las personas ciegas y con discapacidad visual usar ordenadores)   Sala polivalente: 59   Página en Facebook","1,6",http://www.madrid.es/sites/v/index.jsp?vgnextchannel=bfa48ab43d6bb410VgnVCM100000171f5a0aRCRD&vgnextoid=ca903d0b5e71c010VgnVCM1000000b205a0aRCRD,MONTE AYA,CALLE,NUM,12,MADRID,MADRID,28031,,CASCO HISTORICO VALLECAS,,VILLA DE VALLECAS,447138,4469889,40.37790196240434,-3.6227296605039516,91 380 66 33,,bpgerardodiego@madrid.es
79941,Biblioteca Pública Municipal Gloria Fuertes (Barajas),"La Biblioteca Pública Municipal Gloria Fuertes fue inaugurada en octubre del año 2001 asistiendo al acto el entonces alcalde, José María Álvarez del Manzano. El edificio es un proyecto de nueva planta de la arquitecta Carmen Blanco Hernández para albergar un centro cultural y la única biblioteca que, en la actualidad, presta servicio a los vecinos del distrito de Barajas. Desde los grandes ventanales que recorren la primera y segunda planta, donde se ubica la biblioteca, se aprecian los restos del reconstruido castillo de los Zapata, único que se conserva en el término municipal de Madrid, y un extenso olivar que pone límite al moderno parque Juan Carlos I.",Apertura de lunes a viernes.,Horario: de 8:30 a 21 horas.  Verano (del 15 de junio al 15 de septiembre): de 8:30 a 20 horas.,Festivos y los días 24 y 31 de diciembre.,,Espacios:   Sala de consulta y lectura. Sala polivalente. Zona de publicaciones periódicas. Sala infantil y juvenil.   ,"Préstamo de libros, multimedia y revistas. Préstamo de dispositivos de ayuda a la lectura (lupas para libros). Servicio de acceso público a Internet. Zona wifi. Información bibliográfica. Animación a la lectura y formación de usuarios.",,"Bus: 105, 112, 115","Metro: Alameda de Osuna  Bus: 105, 112, 11","Superficie: 672 metros cuadrados  Puestos de lectura: 119  Puestos de Internet: 9 (con lector de pantalla NVDA, que permite a las personas ciegas y con discapacidad visual usar ordenadores)  Sala polivalente: 30  Página en Facebook","1,6",http://www.madrid.es/sites/v/index.jsp?vgnextchannel=bfa48ab43d6bb410VgnVCM100000171f5a0aRCRD&vgnextoid=1f64c2c6e051c010VgnVCM2000000c205a0aRCRD,LOGROÑO,AVENIDA,V,179,MADRID,MADRID,28042,5,CORRALEJOS,21,BARAJAS,449661,4479046,40.46055947228695,-3.5937461811785347,91 312 02 58,,bpgloriafuertes@madrid.es
1750,Biblioteca Pública Municipal Huerta de la Salud (Hortaleza),"Su antecedente fue una pequeña biblioteca que había en la calle de Santa Virgilia y dependía de la Junta de Distrito. En enero de 1987 se inaugura el centro actual dentro del parque Huerta de la Salud, situado en los terrenos de una antigua quinta cuyos orígenes se remontan al siglo XVIII. Esta quinta fue a principios del siglo XX un próspero negocio agropecuario con nuevos y originales elementos arquitectónicos, entre los que destacaba el silo, ahora emblema de Hortaleza. Caída la quinta en el abandono poco antes de la Guerra Civil, se derribaron a principios de los años ochenta algunas de sus construcciones, como el mirador o palomar y el granero, y solo quedaron, al menos en parte, tres edificaciones. La biblioteca ocupó la estructura rehabilitada de uno de ellos, donde habían estado los establos del recinto, compartiendo espacio con el Centro Cultural Huerta de la Salud. En 1995, se traslada a otra construcción de la antigua quinta, donde se encuentra actualmente. El edificio -conocido como el corredor- había servido para guardar arados y herramientas y para dormir parte del personal. En 2006 y 2007 se realiza una profunda reforma y adquiere su actual fisonomía. Por su historia, el edificio de la biblioteca conserva cierto aire arquitectónico rural. En octubre de 2018, su suerte se unió a la tercera construcción histórica del conjunto: el Silo, al que se había añadido un magnífico mirador a principios del siglo XXI y donde se realizan algunas actividades de la biblioteca.",Apertura de lunes a viernes.,Horario: de 8:30 a 21 horas.  Verano (del 15 de junio al 15 de septiembre): de 8:30 a 20 horas.,Festivos y los días 24 y 31 de diciembre.,,Espacios:   Sala de consulta y lectura Zona de publicaciones periódicas. Sala infantil y juvenil.   ,"Préstamo de libros, multimedia y revistas. Préstamo de dispositivos de ayuda a la lectura (lupas para libros). Servicio de acceso público a Internet. Zona wifi. Información bibliográfica. Animación a la lectura y formación de usuarios.",,"Bus: 9, 72, 107, 201","Metro: Parque de Santa María  Bus: 9, 72, 107, 20","Superficie: 450 metros cuadrados  Puestos de lectura: 77  Puestos de Internet: 7 (con lector de pantalla NVDA, que permite a las personas ciegas y con discapacidad visual usar ordenadores)","1,6",http://www.madrid.es/sites/v/index.jsp?vgnextchannel=bfa48ab43d6bb410VgnVCM100000171f5a0aRCRD&vgnextoid=9c5879262ef5d010VgnVCM1000000b205a0aRCRD,MAR DE LAS ANTILLAS,CALLE,V,10,MADRID,MADRID,28033,4,PINAR DEL REY,16,HORTALEZA,445295,4480968,40.47571688103069,-3.64667257750353,91 764 52 43,,bphuertasalud@madrid.es
5975465,Biblioteca Pública Municipal Iván de Vargas (Centro),"La Biblioteca Pública Municipal Iván de Vargas fue inaugurada en febrero de 2011. Se encuentra situada en el corazón del Madrid de los Austrias y ocupa el espacio de un antiguo caserón perteneciente a uno de los linajes más antiguos de Madrid: los Vargas, siendo Iván de Vargas señor del patrón de la ciudad, San Isidro Labrador. Fue proyectada por el arquitecto Ramón Andrade y responde a un diálogo entre tradición y vanguardia utilizando granito, cristal y madera. Destacan en el interior dos magnolios centenarios y el brocal de un pozo con una imagen medieval labrada de San Isidro.   Por sus raíces históricas en la ciudad, la Biblioteca dispone de una sala de lectura especializada en fondos documentales sobre Madrid y cuenta actualmente con un depósito por 4 años del Centro Sefarad: la Biblioteca Isaac Revah sobre cultura judía, sociedad, literatura, etc.",Apertura de lunes a domingo.,Horario: de lunes a viernes de 8:30 a 21 horas; sábados de 9:10 a 17:50 horas y domingos de 9:10 a 13:50 horas.   Verano (del 15 de junio al 15 de septiembre): de lunes a viernes de 8:30 a 20 horas; sábados de 9:10 a 16:50 horas y domingos de 9:10 a 12:50 horas.,"Festivos, Semana Santa (de jueves a domingo), los dos últimos fines de semana de julio y los fines de semana de agosto, el 24 y 31 de diciembre.",,"Espacios:   Sala de consulta y lectura. Sala polivalente, sala de Madrid y sala de trabajo en grupo. Zona de publicaciones periódicas. Sala infantil y juvenil.   ","Equipos de autopréstamo. Préstamo de libros, multimedia y revistas. Préstamo de dispositivos de ayuda a la lectura (lupas para libros). Servicio de acceso público a Internet. Zona wifi. Información bibliográfica. Animación a la lectura y formación de usuarios.",Renfe: Sol ,"Bus: 3, 17, 18, 23, 31, 50, 65 ","Metro: Sol, Latina y Ópera Bus: 3, 17, 18, 23, 31, 50, 65 Renfe: Sol BICIMAD: Estación 35 (Plaza del Cordón 1","Superficie:  2.884 metros cuadrados  Puestos de lectura:  132  Puestos de Internet:  17 (con lector de pantalla NVDA, que permite a las personas ciegas y con discapacidad visual usar ordenadores)  Puestos de la sala polivalente: 60  Puestos de la sala de trabajo en grupo: No disponible   Página en Facebook","1,6",http://www.madrid.es/sites/v/index.jsp?vgnextchannel=bfa48ab43d6bb410VgnVCM100000171f5a0aRCRD&vgnextoid=0b60e92be3c5e210VgnVCM1000000b205a0aRCRD,SAN JUSTO,CALLE,V,5,MADRID,MADRID,28005,1,PALACIO,1,CENTRO,439775,4473962,40.41410290844665,-3.7098591212735883,917 586 211,,bpivandevargas@madrid.es
115056,Biblioteca Pública Municipal José Hierro (San Blas-Canillejas),"La Biblioteca Pública Municipal José Hierro fue inaugurada en 2003, asistiendo a la inauguración la viuda del escritor y el entonces alcalde José María Álvarez del Manzano. Se trata de un edificio próximo a la Junta de Distrito, con la que comparte un amplio espacio ajardinado.",Apertura de lunes a viernes.,Horario: de 8:30 a 21 horas.  Verano (del 15 de junio al 15 de septiembre): de 8:30 a 20 horas.,Festivos y los días 24 y 31 de diciembre.,,Espacios:   Sala de consulta y lectura. Sala polivalente. Zona de publicaciones periódicas. Sala infantil y juvenil.   ,"Equipos de autopréstamo. Préstamo de libros, multimedia y revistas. Préstamo de dispositivos de ayuda a la lectura (lupas para libros). Servicio de acceso público a Internet. Zona wifi. Información bibliográfica. Animación a la lectura y formación de usuarios.",,"Bus: 38, 48, 140, 153, 165, 167, E2 Autobuses interurbanos: 286, 288, 289","Metro: Las Musas  Bus: 38, 48, 140, 153, 165, 167, E2 Autobuses interurbanos: 286, 288, 28","Superficie: 1.866 metros cuadrados  Puestos de lectura: 227  Puestos de Internet: 13 (con lector de pantalla NVDA, que permite a las personas ciegas y con discapacidad visual usar ordenadores)  Salas polivalentes: 80 y 15 puestos de aforo.   Página en Facebook","1,6",http://www.madrid.es/sites/v/index.jsp?vgnextchannel=bfa48ab43d6bb410VgnVCM100000171f5a0aRCRD&vgnextoid=338879262ef5d010VgnVCM1000000b205a0aRCRD,MARIA SEVILLA DIAGO,CALLE,V,15,MADRID,MADRID,28022,5,ROSAS,20,SAN BLAS-CANILLEJAS,448214,4476029,40.433291625973624,-3.6105662311927453,91 313 55 28,,bpjosehierro@madrid.es
1790,Biblioteca Pública Municipal José Saramago (Fuencarral-El Pardo),"La Biblioteca Municipal José Saramago se inauguró en noviembre de 1990, con el nombre de Biblioteca de la Vaguada. El origen es la antigua Biblioteca de Peñagrande situada en el Centro Cultural Rafael de León. Las instalaciones eran insuficientes para uno de los distritos más grandes de Madrid, y gracias al proyecto del Centro Cívico de La Vaguada se subsanó, por un lado la falta de espacio y por otro se mejoró su ubicación al situarse junto al Centro Comercial La Vaguada. El edificio forma parte de un proyecto diseñado en 1982 por los arquitectos Javier San José Marqués y Jordi Parcerisas Vázquez. La organización del edificio se realizó por medio de una secuencia de arcos que unían entre sí los diferentes espacios. En el año 2011 cambio su denominación por la actual de José Saramago.",Apertura de lunes a viernes.,Horario: de 8:30 a 21 horas.  Verano (del 15 de junio al 15 de septiembre): de 8:30 a 20 horas.,Festivos y los días 24 y 31 de diciembre.,,Espacios:   Sala de consulta y lectura Zona de publicaciones periódicas. Sala infantil.   ,"Préstamo de libros, multimedia y revistas. Zona wifi. Información bibliográfica. Animación a la lectura y formación de usuarios.",,"Bus: 49, 83, 128, 132, 134, 137","Metro: Barrio del Pilar, Peñagrande  Bus: 49, 83, 128, 132, 134, 13","Superficie: 1.276 metros cuadrados  Puestos de lectura: 204  Puestos de Internet: 17 (con lector de pantalla NVDA, que permite a las personas ciegas y con discapacidad visual usar ordenadores)  Sala polivalente: 30   Página en Facebook","1,6",http://www.madrid.es/sites/v/index.jsp?vgnextchannel=bfa48ab43d6bb410VgnVCM100000171f5a0aRCRD&vgnextoid=70d879262ef5d010VgnVCM1000000b205a0aRCRD,MONFORTE DE LEMOS,AVENIDA,V,38,MADRID,MADRID,28029,4,EL PILAR,8,FUENCARRAL-EL PARDO,439867,4481122,40.47860087334554,-3.7094408342979954,91 588 68 91,,bpjosesaramago@madrid.es
1756,Biblioteca Pública Municipal La Chata (Carabanchel),"La Biblioteca Pública La Chata abrió sus puertas por primera vez al público el Día de la Biblioteca, 24 de octubre, de 2005. El 13 de agosto de 2006 el Alcalde Ruiz-Gallardón, acompañado por la Concejala de Las Artes, Alicia Moreno, procedió a su inauguración oficial en un breve acto. El nombre de la biblioteca, La Chata, alude a Isabel de Borbón, hermana de Alfonso XII, que acudía regularmente a Carabanchel por ser una gran amante de los toros y a la Finca Vista Alegre que pertenecía a la familia real. También alude al nombre popular de la plaza de toros de Vista Alegre, denominada así por ser muy baja, achatada. Por lo tanto es un nombre muy &amp;ldquo;carabanchelero&amp;rdquo;.",Apertura de lunes a viernes.,Horario: de 8:30 a 21 horas.  Verano (del 15 de junio al 15 de septiembre): de 8:30 a 20 horas.,Festivos y los días 24 y 31 de diciembre.,,Espacios:   Sala de consulta y lectura Zona de publicaciones periódicas. Sala infantil y juvenil.   ,"Préstamo de libros, multimedia, revistas y colección de libros en rumano. Servicio de acceso público a Internet. Zona wifi. Información bibliográfica. Animación a la lectura y formación de usuarios.",,"Bus: 34 , 35","Metro: Eugenia de Montijo, Carabanchel  Bus: 34 , 3","Superficie: 1.600 metros cuadrados  Puestos de lectura: 223  Puestos de Internet: 17 (con lector de pantalla NVDA, que permite a las personas ciegas y con discapacidad visual usar ordenadores)  Página en Facebook","1,6",http://www.madrid.es/sites/v/index.jsp?vgnextchannel=bfa48ab43d6bb410VgnVCM100000171f5a0aRCRD&vgnextoid=d9a879262ef5d010VgnVCM1000000b205a0aRCRD,GENERAL RICARDOS,CALLE,NUM,252,MADRID,MADRID,28025,4,VISTA ALEGRE,11,CARABANCHEL,437014,4470566,40.38330593504341,-3.7420633861175796,91 422 05 33,,bplachata@madrid.es
51849,Biblioteca Pública Municipal La Elipa (Ciudad Lineal),"La Biblioteca Pública Municipal La Elipa fue inaugurada en el año 2000. Su origen se remonta a la Biblioteca Pública de Quintana, que estaba situada en el Centro Cultural Sambara. En el año 2000 se trasladó a su actual ubicación, en lo que era el antiguo Colegio Islas Filipinas, del que tomaría su nombre. Permanece cerrada entre otoño de 2007 y primavera de 2009, reformándose para mejorar su accesibilidad y reabriendo sus puertas en marzo de ese año. Se denomina Biblioteca Municipal Islas Filipinas hasta octubre de 2016, que a instancia de los vecinos del barrio, y de acuerdo a los informes elaborados por la Dirección General de Bibliotecas, es aprobado el cambio de denominación en el Pleno de la Junta Municipal de Ciudad Lineal. Actualmente la biblioteca toma el nombre del barrio en el que está ubicada y al cual presta servicio.",Apertura de lunes a viernes.,Horario: de 8:30 a 21 horas.  Verano (del 15 de junio al 15 de septiembre): de 8:30 a 20 horas.,Festivos y los días 24 y 31 de diciembre.,,Espacios:   Sala de consulta y lectura Zona de publicaciones periódicas. Sala infantil y juvenil.   ,"Préstamo de libros, multimedia y revistas. Préstamo de dispositivos de ayuda a la lectura (lupas para libros). Servicio de acceso público a Internet. Zona wifi. Información bibliográfica. Animación a la lectura y formación de usuarios.",,"Bus: líneas 15, 28, 110, 113, 210 ",Metro: La Elipa (línea 2,"Superficie: 880 metros cuadrados  Puestos de lectura: 102  Puestos de Internet: 10 (con lector de pantalla NVDA, que permite a las personas ciegas y con discapacidad visual usar ordenadores)  Página en Facebook","1,6",http://www.madrid.es/sites/v/index.jsp?vgnextchannel=bfa48ab43d6bb410VgnVCM100000171f5a0aRCRD&vgnextoid=697c598d1351c010VgnVCM1000000b205a0aRCRD,NUESTRA SEÑORA DEL VILLAR,CALLE,NUM,6,MADRID,MADRID,28017,,LA ELIPA,,CIUDAD LINEAL,444705,4474959,40.42342659084215,-3.651841641389484,91 403 63 22,,bplaelipa@madrid.es
185595,Biblioteca Pública Municipal Manuel Vázquez Montalbán (Tetuán),"La Biblioteca Manuel Vázquez Montalbán se abrió al público en agosto de 2006. Se trata de un edificio diseñado por la arquitecta Isabel Huete Chugunowa, en el que comparten instalaciones la biblioteca y una Escuela Municipal de Música.",Apertura de lunes a viernes.,Horario: de 8:30 a 21 horas.  Verano (del 15 de junio al 15 de septiembre): de 8:30 a 20 horas.,Festivos y los días 24 y 31 de diciembre.,,Espacios:   Sala de consulta y lectura Zona de publicaciones periódicas. Sala infantil y juvenil.   ,"Equipos de autopréstamo. Préstamo de libros, multimedia y revistas. Préstamo de dispositivos de ayuda a la lectura (lupas para libros). Servicio de acceso público a Internet. Zona wifi. Información bibliográfica. Animación a la lectura y formación de usuarios.",,"Bus: 44, 64, 126, 127, 128, 132","Metro: Francos Rodríguez  Bus: 44, 64, 126, 127, 128, 13","Superficie: 1.372 metros cuadrados  Puestos de lectura: 151  Puestos de Internet: 11 (con lector de pantalla NVDA, que permite a las personas ciegas y con discapacidad visual usar ordenadores)  Sala polivalente: 40   Página en Facebook","1,6",http://www.madrid.es/sites/v/index.jsp?vgnextchannel=bfa48ab43d6bb410VgnVCM100000171f5a0aRCRD&vgnextoid=b5ca89e2c9e5d010VgnVCM1000000b205a0aRCRD,FRANCOS RODRIGUEZ,CALLE,V,67,MADRID,MADRID,28039,1,BELLAS VISTAS,6,TETUAN,439755,4478779,40.45749513485957,-3.710539712535917,"91 398 07 23                                                                                                                                     
91 398 07 26",,bpvazquezmontalban@madrid.es
7697128,Biblioteca Pública Municipal Mario Vargas Llosa (Centro),"La Biblioteca Mario Vargas Llosa fue inaugurada por el Premio Nobel de Literatura que le da su nombre el 17 de noviembre del 2014. La biblioteca tiene su origen en la remodelación del complejo Barceló que incluye un mercado, que sustituye al que existía antiguamente, un polideportivo, un parking y la biblioteca.",Apertura de lunes a viernes.,Horario: de 8:30 a 21 horas.  Verano (del 15 de junio al 15 de septiembre): de 8:30 a 20 horas.,Festivos y los días 24 y 31 de diciembre.,,Espacios:   Sala de consulta y lectura. Sala polivalente. Zona de publicaciones periódicas. Sala infantil y juvenil.   ,"Equipos de autopréstamo. Préstamo de libros, multimedia y revistas. Servicio de acceso público a Internet. Zona wifi. Información bibliográfica. Animación a la lectura y formación de usuarios.",,"Bus: 3, 21, 37, 40, 147, 149 ","Metro: Alonso Martínez, Tribunal","Superficie: 1.860,70 metros cuadrados  Puestos de lectura: 122  Puestos de Internet: 21 (con lector de pantalla NVDA, que permite a las personas ciegas y con discapacidad visual usar ordenadores)  Sala polivalente: 16  Sala de trabajo en grupo: 16   Página en Facebook","1,6",http://www.madrid.es/sites/v/index.jsp?vgnextchannel=bfa48ab43d6bb410VgnVCM100000171f5a0aRCRD&vgnextoid=6c4dbc2658739410VgnVCM2000000c205a0aRCRD,BARCELO,CALLE,V,4,MADRID,MADRID,28004,4,JUSTICIA,1,CENTRO,440645,4475347,40.426642215368176,-3.699722994908341,914 802 433,,bpvargasllosa@madrid.es
10395362,Biblioteca Pública Municipal María Lejárraga (Hortaleza),"La Dirección General de Bibliotecas, en colaboración con la Alcaldía del Ayuntamiento de Madrid, decidieron asignar el nombre de María Lejárraga a la biblioteca abierta en el Centro Cultural Sanchinarro el 12 de junio del 2017. Esta denominación viene a dar continuidad a la misión de asignar a la bibliotecas con nombres de escritores y escritoras de época contemporánea que hayan tenido especial trascendencia en el mundo de las letras.",Apertura de lunes a domingo.,Horario: de lunes a viernes de 8:30 a 21 horas; sábados de 9:10 a 17:50 horas y domingos de 9:10 a 13:50 horas.   Verano (del 15 de junio al 15 de septiembre): de lunes a viernes de 8:30 a 20 horas; sábados de 9:10 a 16:50 horas y domingos de 9:10 a 12:50 horas.,"Festivos, Semana Santa (de jueves a domingo), los dos últimos fines de semana de julio y los fines de semana de agosto, el 24 y 31 de diciembre.","Sala de Estudio: de lunes a viernes de 9 a 22 horas. Sábados, domingos y festivos: de 10 a 22 horas.","Espacios:   Sala de consulta y lectura Sala polivalente. Zona de publicaciones periódicas. Sala infantil y juvenil. Comiteca     Servicios: 
  Préstamo de libros, multimedia y revistas; Servicio de Acceso Público a Internet; Zona wifi; Información bibliográfica; Animación a la lectura; Formación de usuarios; Reprografía.  Préstamo de libros, multimedia y revistas. Servicio de acceso público a Internet. Zona wifi. Información bibliográfica. Animación a la lectura y formación de usuarios.",,,"Bus: 174, 173, 172L, 172 SF.","Metro: Tren Ligero de Vicente Blasco Ibáñez y Virgen del Cortijo  Bus: 174, 173, 172L, 172 SF","Superficie: 982 metros cuadrados  Puestos de lectura: 168  Puestos de Internet: 24 (con lector de pantalla NVDA, que permite a las personas ciegas y con discapacidad visual usar ordenadores)  Sala polivalente: 50  Página en Facebook","1,6",http://www.madrid.es/sites/v/index.jsp?vgnextchannel=bfa48ab43d6bb410VgnVCM100000171f5a0aRCRD&vgnextoid=d862492de8c8c510VgnVCM2000001f4a900aRCRD,PRINCESA DE EBOLI,CALLE,V,29,MADRID,MADRID,28050,6,VALDEFUENTES,16,HORTALEZA,444461,4482397,40.49041562546542,-3.655356751728003,91 513 33 83,,bpmarialejarraga@madrid.es
1759,Biblioteca Pública Municipal María Zambrano (Tetuán),"La Biblioteca Pública Municipal María Zambrano se inauguró el 29 de octubre de 2010 dentro del Centro Cultural Eduardo Úrculo (inaugurado a su vez el 15 de octubre de 2009), en el barrio de Ventilla, dentro del distrito de Tetuán en Madrid. Al acto acudieron el alcalde Alberto Ruiz Gallardón y la Delegada del Área de Las Artes Alicia Moreno. Esta biblioteca es consecuencia de la necesidad de ampliar la Biblioteca de Tetuán, situada en el antiguo edificio de la Junta Municipal del mismo nombre (Bravo Murillo 357).  La Biblioteca de Tetuán fue inaugurada en 1982 por el alcalde Enrique Tierno Galván, dentro del edificio de la Junta Municipal, y fue una de las primeras de la red municipal de Bibliotecas del Ayuntamiento de Madrid. Era heredera de la biblioteca creada en la nueva Casa Consistorial del antiguo pueblo de Chamartín de la Rosa en 1934.",Apertura de lunes a viernes.,Horario: de 8:30 a 21 horas.  Verano (del 15 de junio al 15 de septiembre): de 8:30 a 20 horas.,Festivos y los días 24 y 31 de diciembre.,,Accesible a personas con discapacidad intelectual al contar con señalización mediante pictogramas.   Espacios: Sala de Consulta y Lectura; Zona de publicaciones periódicas; Sala infantil y juvenil.  Sala de consulta y lectura. Sala polivalente. Zona de publicaciones periódicas. Sala infantil y juvenil.   ,"Préstamo de libros, multimedia y revistas; Servicio de Acceso Público a Internet; Zona wifi; Información bibliográfica; Animación a la lectura; Formación de usuarios; Reprografía.  Préstamo de libros, multimedia y revistas. Servicio de acceso público a Internet. Zona wifi. Información bibliográfica. Animación a la lectura y formación de usuarios.",,Bus: 42,Metro: Ventilla Bus: 4,"Superficie: 1.551 metros cuadrados  Puestos de lectura: 123  Puestos de Internet: 21 (con lector de pantalla NVDA, que permite a las personas ciegas y con discapacidad visual usar ordenadores)   Página en Facebook","1,6",http://www.madrid.es/sites/v/index.jsp?vgnextchannel=bfa48ab43d6bb410VgnVCM100000171f5a0aRCRD&vgnextoid=74703d0b5e71c010VgnVCM1000000b205a0aRCRD,DONOSO,PLAZA,V,5,MADRID,MADRID,28029,4,ALMENARA,6,TETUAN,440857,4480052,40.46903299144094,-3.6976620067964996,91 733 90 43,,bpmariazambrano@madrid.es
1752,Biblioteca Pública Municipal Miguel Delibes (Moratalaz),"La Biblioteca Pública Municipal de Moratalaz fue inaugurada en el año 1986. Su primera ubicación fue dentro del parque Darwin, en unas edificaciones que la Inmobiliaria Urbis utilizó como pisos piloto para la venta de las viviendas y donó luego al Ayuntamiento. La primera instalación se concibió como un quiosco de libros de préstamo. Posteriormente se le añadió otro módulo de los pisos piloto. Con el desarrollo del distrito, se decide la construcción de una nueva biblioteca. El proyecto, firmado por la arquitecta municipal Isabel Huete Chugunowa, comprende cuatro plantas con un total de 2.012 m&amp;sup2;. Se inauguró el 18 de octubre del año 2001, en acto presidido por Don José María Álvarez del Manzano, alcalde del Ayuntamiento de Madrid. En 2010 se le da el nombre del escritor Miguel Delibes.",Apertura de lunes a viernes.,Horario: de 8:30 a 21 horas.  Verano (del 15 de junio al 15 de septiembre): de 8:30 a 20 horas.,Festivos y los días 24 y 31 de diciembre.,,Espacios:   Sala de consulta y lectura Zona de publicaciones periódicas. Sala infantil y juvenil.   ,"Préstamo de libros, multimedia y revistas. Préstamo de dispositivos de ayuda a la lectura (lupas para libros). Servicio de acceso público a Internet. Zona wifi. Información bibliográfica. Animación a la lectura y formación de usuarios.",,"Bus: 20, 30, 32, 71, 113","Metro: Vinateros  Bus: 20, 30, 32, 71, 11","Superficie: 2.012 metros cuadrados  Puestos de lectura: 258  Puestos de Internet: 14 (con lector de pantalla NVDA, que permite a las personas ciegas y con discapacidad visual usar ordenadores)  Página en Facebook","1,6",http://www.madrid.es/sites/v/index.jsp?vgnextchannel=bfa48ab43d6bb410VgnVCM100000171f5a0aRCRD&vgnextoid=9e8f3d0b5e71c010VgnVCM1000000b205a0aRCRD,ARROYO BELINCOSO,CALLE,NUM,11,MADRID,MADRID,28030,4,MEDIA LEGUA,14,MORATALAZ,444597,4473439,40.40971737692924,-3.6529822109115133,91 328 73 00,,bpmigueldelibes@madrid.es
186714,Biblioteca Pública Municipal Pablo Neruda (Ciudad Lineal),"La Biblioteca Pablo Neruda fue inaugurada en septiembre de 2006 por la Concejala del Área de Las Artes. La entrada a la biblioteca está presidida por un conjunto escultórico dedicado a Pablo Neruda, del escultor Julio López Hernández. Concebido en altorrelieve y en bronce, representa al escritor escribiendo en su mesa, junto con otros elementos entresacados de su casa de 'Isla Negra'. La biblioteca es un edificio de nueva planta, exento, de tres alturas, que comparte dependencias con un Centro Día. La entrada es diáfana y luminosa y en ella se encuentra el mostrador de préstamo, la zona multimedia, la hemeroteca, la comiteca y el fondo bibliográfico. La segunda planta alberga una sección juvenil, la sala infantil, la sala de referencia y el despacho de bibliotecarios. En la tercera está la sala polivalente.",Apertura de lunes a viernes.,Horario: de 8:30 a 21 horas.  Verano (del 15 de junio al 15 de septiembre): de 8:30 a 20 horas.,Festivos y los días 24 y 31 de diciembre.,,Espacios:   Sala de consulta y lectura. Sala polivalente. Zona de publicaciones periódicas. Sala infantil y juvenil.   ,"Equipos de autopréstamo. Préstamo de libros, multimedia y revistas. Préstamo de dispositivos de ayuda a la lectura (lupas para libros). Servicio de acceso público a Internet. Zona wifi. Información bibliográfica. Animación a la lectura y formación de usuarios.",,"Bus: 28, 109","Metro: Ascao  Bus: 28, 10","Superficie: 1.500 metros cuadrados  Puestos de lectura: 192  Puestos de Internet: 14 (con lector de pantalla NVDA, que permite a las personas ciegas y con discapacidad visual usar ordenadores)  Sala polivalente: 30   Página en Facebook","1,6",http://www.madrid.es/sites/v/index.jsp?vgnextchannel=bfa48ab43d6bb410VgnVCM100000171f5a0aRCRD&vgnextoid=d5c548d20675e010VgnVCM1000000b205a0aRCRD,ASCAO,CALLE,V,4,MADRID,MADRID,28017,2,PUEBLO NUEVO,15,CIUDAD LINEAL,445570,4475617,40.42941133441142,-3.6416899839787695,91 406 14 72,,bppabloneruda@madrid.es
1753,Biblioteca Pública Municipal Portazgo (Puente de Vallecas),"La Biblioteca de Portazgo fue inaugurada en 1983 compartiendo espacio con el edificio del Centro Cultural Alberto Sánchez. Fue una de las bibliotecas pioneras en formar parte de la incipiente red de Bibliotecas Públicas del Ayuntamiento de Madrid, hace más de 30 años. En 2006 fue remodelada y ampliada incorporando espacios del Centro Cultural. Actualmente cuenta con dos plantas, en la planta baja encontramos la sala infantil, un pequeño espacio para la prensa y el mostrador de préstamo, además del servicio de Internet. La planta primera funciona como sala de lectura y en ella se encuentra el fondo de adultos.",Apertura de lunes a viernes.,Horario: de 8:30 a 21 horas.  Verano (del 15 de junio al 15 de septiembre): de 8:30 a 20 horas.,Festivos y los días 24 y 31 de diciembre.,,Espacios:   Sala de consulta y lectura Zona de publicaciones periódicas. Sala infantil y juvenil.   ,"Préstamo de libros, multimedia y revistas. Préstamo de dispositivos de ayuda a la lectura (lupas para libros). Servicio de acceso público a Internet. Zona wifi. Información bibliográfica. Animación a la lectura y formación de usuarios.",,"Bus: 54, 57, 58, 103, 136, 141, 143","Metro: Portazgo, Buenos Aires (línea 1) Bus: 54, 57, 58, 103, 136, 141, 14","Superficie: 550 metros cuadrados  Puestos de lectura: 116  Puestos de Internet: 7 (con lector de pantalla NVDA, que permite a las personas ciegas y con discapacidad visual usar ordenadores)  Página en Facebook","1,6",http://www.madrid.es/sites/v/index.jsp?vgnextchannel=bfa48ab43d6bb410VgnVCM100000171f5a0aRCRD&vgnextoid=89a40a47f441f010VgnVCM2000000c205a0aRCRD,CANTALAPIEDRA,CALLE,V,11,MADRID,MADRID,28038,6,NUMANCIA,13,PUENTE DE VALLECAS,444376,4471605,40.393189968014696,-3.6554147649183943,91 757 03 23,,bpportazgo@madrid.es
1792,Biblioteca Pública Municipal Pozo del Tío Raimundo (Puente de Vallecas),La Biblioteca pública Pozo del Tío Raimundo fue inaugurada en el año 1991 y comparte edificio con el Centro Cultural Pozo del Tío Raimundo.,Apertura de lunes a viernes.,Horario: de 8:30 a 21 horas.  Verano (del 15 de junio al 15 de septiembre): de 8:30 a 20 horas.,"Festivos, durante el mes de agosto, los días 24 y 31 de diciembre.",,Espacios:   Sala de consulta y lectura Zona de publicaciones periódicas. Sala infantil y juvenil.   ,"Préstamo de libros, multimedia y revistas. Préstamo de dispositivos de ayuda a la lectura (lupas para libros). Servicio de acceso público a Internet. Zona wifi. Información bibliográfica. Animación a la lectura y formación de usuarios.",Renfe: El Pozo,"Bus: 24, 102  ",,"Superficie: 315 metros cuadrados  Puestos de lectura: 81  Puestos de Internet: 7 (con lector de pantalla NVDA, que permite a las personas ciegas y con discapacidad visual usar ordenadores)   Página en Facebook","1,6",http://www.madrid.es/sites/v/index.jsp?vgnextchannel=bfa48ab43d6bb410VgnVCM100000171f5a0aRCRD&vgnextoid=d7203d0b5e71c010VgnVCM1000000b205a0aRCRD,GLORIETAS,AVENIDA,NUM,19,MADRID,MADRID,28053,1,ENTREVIAS,13,PUENTE DE VALLECAS,443950,4469433,40.3735856436473,-3.6602546064905397,91 507 07 34,,bppozotr@madrid.es
1763,Biblioteca Pública Municipal Pío Baroja (Arganzuela),"La Biblioteca Pío Baroja fue inaugurada en febrero de 1993. En realidad se trataba de un traslado de la Biblioteca de Arganzuela ubicada entonces en el edificio Casa del Reloj (antiguo pabellón central de Matadero) donde compartía espacio con el centro cultural. La construcción de un nuevo edificio coincidió con la ejecución de la operación urbanística Pasillo Verde Ferroviario. El edificio de la biblioteca está distribuido en tres plantas, dos de acceso público. En la primera planta, se encuentran la recepción, servicio de préstamo y sala infantil. La segunda planta es un semisótano donde se ubican la sala de lectura, las publicaciones periódicas y los puestos de consulta de Internet. El elemento mas llamativo del edificio es la claraboya que desde la cubierta crea un patio acristalado y suministra luz a la sala de lectura.",Apertura de lunes a viernes.,Horario: de 8:30 a 21 horas.  Verano (del 15 de junio al 15 de septiembre): de 8:30 a 20 horas.,Festivos y los días 24 y 31 de diciembre.,,Espacios:   Sala de consulta y lectura Zona de publicaciones periódicas. Sala infantil y juvenil.   ,"Equipos de autopréstamo. Préstamo de libros, multimedia y revistas. Préstamo de dispositivos de ayuda a la lectura (lupas para libros). Servicio de acceso público a Internet. Zona wifi. Información bibliográfica. Animación a la lectura y formación de usuarios.",,"Bus: 18, 23, 34, 35, 36, 116, 118, 119  ",Metro: Pirámides (Línea 5),"Superficie: 1.454 metros cuadrados  Puestos de lectura: 162   Puestos de Internet: 10 (con lector de pantalla NVDA, que permite a las personas ciegas y con discapacidad visual usar ordenadores)   Página en Facebook","1,6",http://www.madrid.es/sites/v/index.jsp?vgnextchannel=bfa48ab43d6bb410VgnVCM100000171f5a0aRCRD&vgnextoid=17f879262ef5d010VgnVCM1000000b205a0aRCRD,ARGANDA,CALLE,NUM,12,MADRID,MADRID,28005,2,ACACIAS,2,ARGANZUELA,439967,4472399,40.40003652682007,-3.7074488154950584,91 474 16 03,,bppiobaroja@madrid.es
1746,Biblioteca Pública Municipal San Blas (San Blas-Canillejas),"La Biblioteca Pública Municipal de San Blas se abrió al público el 10 de mayo de 1987 y al acto de inauguración acudió el entonces alcalde Don Juan Barranco. El edificio que ocupa actualmente fue un Seminario de Sacerdotes Migrantes, rehabilitado tras muchos años de abandono y un incendio, que lo dejó en condiciones críticas. El Ayuntamiento lo reformó para instalar en él el Centro Cultural Antonio Machado, dentro del que se encuentra la biblioteca. La Biblioteca se sitúa en la segunda planta. El edificio tiene forma redonda y 3 plantas. Tiene un Centro de Mayores y una Escuela de Música. Lo preside un busto de Don Antonio Machado.",Apertura de lunes a viernes.,Horario: de 8:30 a 21 horas.  Verano (del 15 de junio al 15 de septiembre): de 8:30 a 20 horas.,Festivos y los días 24 y 31 de diciembre.,,Espacios:   Sala de consulta y lectura Zona de publicaciones periódicas. Sala infantil y juvenil.   ,"Préstamo de libros, multimedia y revistas. Préstamo de dispositivos de ayuda a la lectura (lupas para libros). Servicio de acceso público a Internet. Zona wifi. Información bibliográfica. Animación a la lectura y formación de usuarios.",,"Bus: 4, 38, 48, 70, 106, 140 ",Metro: Alsacia (Línea 2,"Superficie: 312 metros cuadrados  Puestos de lectura: 125  Puestos de Internet: 8 (con lector de pantalla NVDA, que permite a las personas ciegas y con discapacidad visual usar ordenadores)  Página en Facebook","1,6",http://www.madrid.es/sites/v/index.jsp?vgnextchannel=bfa48ab43d6bb410VgnVCM100000171f5a0aRCRD&vgnextoid=2e403d0b5e71c010VgnVCM1000000b205a0aRCRD,SAN ROMAN DEL VALLE,CALLE,NUM,8,MADRID,MADRID,28037,4,ARCOS,20,SAN BLAS-CANILLEJAS,447249,4474586,40.420231627534996,-3.6218113860909074,91 313 52 97,,bpsanblas@madrid.es
11572165,Biblioteca Pública Municipal San Fermín (Usera),"La Biblioteca Pública Municipal San Fermín abre sus puertas el 14 de marzo de 2022. La biblioteca del barrio de San Fermín, en el distrito de Usera, nace de un proceso participativo e innovador que recoge las ideas y deseos del vecindario y entidades asociativas que se sumaron al grupo de trabajo para contribuir al diseño y definición del equipamiento. En el este proceso participaron también distintos perfiles técnicos del Ayuntamiento. El 9 de agosto de 2022 se inauguraron los murales pintados por el artista Okuda San Miguel en su interior, que hablan de la historia del edificio y de cómo se ha logrado que el barrio de San Fermín cuente con este espacio. La construcción de la biblioteca es un proyecto financiado por el Programa Operativo FEDER de la Comunidad de Madrid 2014-2020.",Apertura de lunes a domingo.,Horario: de lunes a viernes de 8:30 a 21 horas; sábados de 9:10 a 17:50 horas y domingos de 9:10 a 13:50 horas.   Verano (del 15 de junio al 15 de septiembre): de lunes a viernes de 8:30 a 20 horas; sábados de 9:10 a 16:50 horas y domingos de 9:10 a 12:50 horas.,"Festivos, Semana Santa (de jueves a domingo), los dos últimos fines de semana de julio y los fines de semana de agosto, el 24 y 31 de diciembre.",,Espacios:   Sala de consulta y lectura. Sala polivalente y salas de trabajo en grupo. Zona de publicaciones periódicas. Sala infantil y juvenil.    ,"Equipos de autopréstamo. Préstamo de libros, multimedia y revistas. Servicio de acceso público a Internet. Zona wifi. Información bibliográfica. Animación a la lectura y formación de usuarios.",,"Bus: 23, 78, 123, 18, 22, 59, 85","Metro: San Fermín-Orcasur Bus: 23, 78, 123, 18, 22, 59, 8","Superficie:  3.129 metros cuadrados  Puestos de lectura: 247  Puestos de Internet: 30 (con lector de pantalla NVDA, que permite a las personas ciegas y con discapacidad visual usar ordenadores)  Puestos de la sala polivalente: 64  Puestos de las salas de trabajo en grupo: 18   Página en Facebook","1,5,6",http://www.madrid.es/sites/v/index.jsp?vgnextchannel=bfa48ab43d6bb410VgnVCM100000171f5a0aRCRD&vgnextoid=83e748aaf535e710VgnVCM1000001d4a900aRCRD,SAN FERMIN,AVENIDA,V,10,MADRID,MADRID,28041,3,SAN FERMIN,12,USERA,441188,4469184,40.3711623444796,-3.692742821990015,91 480 47 25,,bpsanfermin@madrid.es
1761,Biblioteca Pública Municipal Vallecas (Puente de Vallecas),"El 13 de noviembre de 1933 se inauguró la Biblioteca del pueblo de Vallecas, presidida por su alcalde Don Amós Acero Pérez. En 1937 fue cerrada debido a la Guerra Civil, abriéndose de nuevo en febrero de 1940. Pero poco a poco fue cayendo en un estado de abandono hasta que en 1976 se decidió su cierre para efectuar obras de remodelación. El 24 de abril de 1980, Enrique Tierno Galván reinauguró la biblioteca, abriéndose al público el 12 de mayo de ese mismo año. La Biblioteca de Vallecas siempre ha estado ubicada en un espacio independiente, el mismo desde 1933. Tras la reforma iniciada en 1978, ha habido otra en 1990. En esta última, se abrió una sala de lectura para adultos de 174,81 m&amp;sup2;, debido a la cesión de dos habitaciones del antiguo Juzgado de Vallecas.",Apertura de lunes a viernes.,Horario: de 8:30 a 21 horas.  Verano (del 15 de junio al 15 de septiembre): de 8:30 a 20 horas.,Festivos y los días 24 y 31 de diciembre.,,Espacios:   Sala de consulta y lectura Zona de publicaciones periódicas. Sala infantil y juvenil.   ,"Préstamo de libros, multimedia y revistas. Préstamo de dispositivos de ayuda a la lectura (lupas para libros). Servicio de acceso público a Internet. Zona wifi. Información bibliográfica. Animación a la lectura y formación de usuarios.",,"Bus: 10, 24, 54, 57, 58, 111, 136, 310","Metro: Nueva Numancia  Bus: 10, 24, 54, 57, 58, 111, 136, 31","Superficie: 367 metros cuadrados  Puestos de lectura: 133  Puestos de Internet: 6 (con lector de pantalla NVDA, que permite a las personas ciegas y con discapacidad visual usar ordenadores)  Página en Facebook","0,6",http://www.madrid.es/sites/v/index.jsp?vgnextchannel=bfa48ab43d6bb410VgnVCM100000171f5a0aRCRD&vgnextoid=11c03d0b5e71c010VgnVCM1000000b205a0aRCRD,PUERTO DEL MONASTERIO,CALLE,V,1,MADRID,MADRID,28053,2,SAN DIEGO,13,PUENTE DE VALLECAS,443517,4471815,40.395023959810636,-3.665554302127492,91 588 60 51,,bpvallecas@madrid.es
1747,Biblioteca Pública Municipal Vicálvaro,La Biblioteca Pública de Vicálvaro fue inaugurada el 23 de mayo de 1987.,Apertura de lunes a viernes.,Horario: de 8:30 a 21 horas.  Verano (del 15 de junio al 15 de septiembre): de 8:30 a 20 horas.,Festivos y los días 24 y 31 de diciembre.,,Espacios:   Sala de consulta y lectura Zona de publicaciones periódicas. Sala infantil y juvenil.   ,"Préstamo de libros, multimedia y revistas. Servicio de acceso público a Internet. Zona wifi. Información bibliográfica. Animación a la lectura y formación de usuarios.",Renfe: Vicálvaro,"Bus: 4, 100, 106, 130  ","Metro: Vicálvaro  Bus: 4, 100, 106, 130  Renfe: Vicálvar","Superficie: 547 metros cuadrados  Puestos de lectura: 94  Puestos de Internet: 10 (con lector de pantalla NVDA, que permite a las personas ciegas y con discapacidad visual usar ordenadores)","1,6",http://www.madrid.es/sites/v/index.jsp?vgnextchannel=bfa48ab43d6bb410VgnVCM100000171f5a0aRCRD&vgnextoid=67e03d0b5e71c010VgnVCM1000000b205a0aRCRD,VILLARDONDIEGO,CALLE,NUM,36,MADRID,MADRID,28032,,CASCO HISTORICO VICALVARO,,VICALVARO,448357,4472920,40.405283650744316,-3.6086278232922804,91 775 31 43,,bpvicalvaro@madrid.es
5768564,Biblioteca Pública Municipal Ángel González (Latina),"La Biblioteca Pública Ángel González se inauguró el 26 de julio de 2010, contando con la presencia de, entre otros, el entonces Alcalde Alberto Ruiz-Gallardón, la Delegada del Área de Las Artes, Alicia Moreno, y la viuda del escritor, Susana Rivera.  El edificio es obra del arquitecto Carlos de Riaño, donde predomina el hormigón y el cristal. A pesar de estar junto a la A5, el aislamiento del entorno se consigue gracias a la utilización de grandes terrazas como elemento constructivo. Tiene su fachada principal orientada hacia la autovía de Extremadura en previsión del soterramiento de la autovía",Apertura de lunes a domingo.,Horario: de lunes a viernes de 8:30 a 21 horas; sábados de 9:10 a 17:50 horas y domingos de 9:10 a 13:50 horas.   Verano (del 15 de junio al 15 de septiembre): de lunes a viernes de 8:30 a 20 horas; sábados de 9:10 a 16:50 horas y domingos de 9:10 a 12:50 horas.,"Festivos, Semana Santa (de jueves a domingo), los dos últimos fines de semana de julio y los fines de semana de agosto, el 24 y 31 de diciembre.",,Espacios:   Sala de consulta y lectura. Sala polivalente y de actividades. Zona de publicaciones periódicas. Sala infantil y juvenil. Bebeteca.    ,"Equipos de autopréstamo. Préstamo de libros, multimedia y revistas. Préstamo de dispositivos de ayuda a la lectura (lupas para libros). Servicio de acceso público a Internet. Zona wifi. Información bibliográfica. Animación a la lectura y formación de usuarios.",,"Bus: 25, 36, 39, 65, 121, 131, 138, H","Metro: Campamento  Bus: 25, 36, 39, 65, 121, 131, 138, ","Superficie: 2.811 metros cuadrados  Puestos de lectura: 309  Puestos de Internet: 34 (con lector de pantalla NVDA, que permite a las personas ciegas y con discapacidad visual usar ordenadores)  Puestos de la sala polivalente: 60  Puestos de la sala de actividades: 18   Página en Facebook","1,6",http://www.madrid.es/sites/v/index.jsp?vgnextchannel=bfa48ab43d6bb410VgnVCM100000171f5a0aRCRD&vgnextoid=ec750a2153ef9210VgnVCM2000000c205a0aRCRD,GRANJA DE TORREHERMOSA,CALLE,V,1,MADRID,MADRID,28024,4,ALUCHE,10,LATINA,434954,4472113,40.397074625115906,-3.7664885474841556,91 512 35 42,,bpangelgonzalez@madrid.es
1798,Biblioteca Pública Pedro Salinas (Centro),,Apertura de lunes a viernes.,De lunes a viernes de 9 a 21 horas.,"Sábados: todos. Domingos: todos. Festivos: 1 y 6 de enero; 14 y 15 de abril ; 2 y 16 mayo; 25 julio; 15 agosto; 12 octubre; 1 y 9 de noviembre; 6, 8 y 26 de diciembre",Todos los días los servicios de préstamo y acceso a internet finalizarán 15 minutos antes del cierre.,,Wifi gratuito,,"Bus: 002, 17, 18, 23, 35, 60, 148, C03, 3, C2, 41, C1.  ",Metro: Puerta Toledo (línea 5),"Lectura fácil, letra grande, audiodescripción.",1,http://www.madrid.es/sites/v/index.jsp?vgnextchannel=bfa48ab43d6bb410VgnVCM100000171f5a0aRCRD&vgnextoid=67ed995a8bf5d010VgnVCM2000000c205a0aRCRD,PUERTA DE TOLEDO,GLORIETA,V,1,MADRID,MADRID,28005,2,EMBAJADORES,1,CENTRO,439667,4473185,40.40709558029403,-3.711046518464516,913 665 407,913 657 523,bib.centro@madrid.org
66904,Biblioteca Pública Rafael Alberti (Fuencarral - El Pardo),,Apertura de lunes a sábado.,De lunes a viernes de 9 a 21 horas.  Sábados de 9 a 14 horas.,"Sábados: 16 de abril; todos los sábados de julio, agosto y septiembre; 24 y 31 de diciembre. DOMINGOS: todos; FESTIVOS:1 y 6 de enero; 14 y 15 de abril; 2 y 16 mayo; 25 julio; 15 agosto; 12 octubre; 1 y 9 de noviembre; 6, 8 y 26 de diciembre",Todos los días los servicios de préstamo y acceso a internet finalizarán 15 minutos antes del cierre.,,Wifi gratuito,Renfe: Ramón y Cajal ,"Bus: 67, 83, 175, 178, 125, 165, 166.  ",,"Lectura fácil, letra grande, audiodescripción.",1,http://www.madrid.es/sites/v/index.jsp?vgnextchannel=bfa48ab43d6bb410VgnVCM100000171f5a0aRCRD&vgnextoid=260e995a8bf5d010VgnVCM2000000c205a0aRCRD,SANGENJO,CALLE,V,38,MADRID,MADRID,28034,5,LA PAZ,8,FUENCARRAL-EL PARDO,440811,4482147,40.48791129077104,-3.6984002338920092,917 319 552 / 917 319 553,917 398 231,bib.fuencarral@madrid.org
1777,Biblioteca Pública Ruiz Egea (Chamberí),,Apertura de lunes a viernes.,De lunes a viernes de 9 a 21 horas.,"Sábados: todos. Domingos: todos. Festivos: 1 y 6 de enero; 14 y 15 de abril ; 2 y 16 mayo; 25 julio; 15 agosto; 12 octubre; 1 y 9 de noviembre; 6, 8 y 26 de diciembre",,,"Especializada en cine, música y material audiovisual",,"Bus: C1, C2, 149, 3, 37, 45, 124, 66, 127, F, 128, 64.  ","Metro: Cuatro Caminos (líneas 1, 2 y 6)  Bus: C1, C2, 149, 3, 37, 45, 124, 66, 127, F, 128, 64",,1,http://www.madrid.es/sites/v/index.jsp?vgnextchannel=bfa48ab43d6bb410VgnVCM100000171f5a0aRCRD&vgnextoid=b2413d0b5e71c010VgnVCM1000000b205a0aRCRD,RAIMUNDO FERNANDEZ VILLAVERDE,CALLE,V,6,MADRID,MADRID,28003,5,RIOS ROSAS,7,CHAMBERI,440394,4477564,40.446595985821794,-3.7028897237155656,915 349 029,915 337 809,bib.ruizegea@madrid.org
1765,Biblioteca Pública del Estado Manuel Alvar  (Salamanca),,Apertura de lunes a domingo.,De lunes a viernes de 9 a 21 horas. Fines de semana y festivos de 11 a 19 horas.,"1 y 6 de enero; 1 de mayo; fines de semana y festivos del mes de agosto; 24, 25 y 31 de diciembre",Los servicios de préstamo y acceso a internet finalizan 15 minutos antes del cierre de la Biblioteca.,,Wifi gratuito,,"Bus: 43, 48, 1.  ","Metro: Diego de León (líneas 4, 5 y 6), Cartagena (línea 7), Parque de las Avenidas (línea 7)","Lectura fácil, letra grande, audiodescripción.",1,http://www.madrid.es/sites/v/index.jsp?vgnextchannel=bfa48ab43d6bb410VgnVCM100000171f5a0aRCRD&vgnextoid=d51979262ef5d010VgnVCM1000000b205a0aRCRD,AZCONA,CALLE,V,42,MADRID,MADRID,28028,4,GUINDALERA,4,SALAMANCA,443260,4476188,40.43440083847048,-3.66897244650415,917 263 701,913 555 425,bib.salamanca@madrid.org
